{
	"class_name" : "PinholeCameraParameters",
	"extrinsic" : 
	[
		0.70785839159305175,
		-0.044318572337121415,
		0.70496266681101438,
		0.0,
		-0.070661784269164696,
		-0.99746625806528555,
		0.008244771988074797,
		0.0,
		0.70281107681595056,
		-0.055650050918544997,
		-0.70919649050003597,
		0.0,
		-0.90443081028699757,
		-0.13146903678879868,
		5.9320935545414315,
		1.0
	],
	"intrinsic" : 
	{
		"height" : 1000,
		"intrinsic_matrix" : 
		[
			866.02540378443871,
			0.0,
			0.0,
			0.0,
			866.02540378443871,
			0.0,
			699.5,
			499.5,
			1.0
		],
		"width" : 1400
	},
	"version_major" : 1,
	"version_minor" : 0
}