{
	"class_name" : "PinholeCameraParameters",
	"extrinsic" : 
	[
		0.71149620423470838,
		0.012796337052949849,
		0.70257341617629498,
		0.0,
		0.026139612171943487,
		-0.99962413531519445,
		-0.0082649120291954474,
		0.0,
		0.70220358304063246,
		0.02424545015827214,
		-0.71156326922594892,
		0.0,
		-0.9867651091437355,
		0.21133153162041016,
		3.9163599008238603,
		1.0
	],
	"intrinsic" : 
	{
		"height" : 1000,
		"intrinsic_matrix" : 
		[
			866.02540378443871,
			0.0,
			0.0,
			0.0,
			866.02540378443871,
			0.0,
			699.5,
			499.5,
			1.0
		],
		"width" : 1400
	},
	"version_major" : 1,
	"version_minor" : 0
}